PC1,PC2,CareerCluster
-0.336835411608454,0.4516189310667877,3
0.7008946688968272,0.23056895624760615,3
-2.9978045077971425,-1.4806164333319938,1
-0.5561464852067736,0.20993088297398863,3
-0.5879669045593885,2.8333410843181848,2
0.6549801758679895,1.896338799584586,2
-2.7003914886589433,-1.7466835129320066,1
-3.189789123960402,-1.2074552088182218,1
1.1976395898315477,0.3839023976758653,3
2.2937663587358106,2.093236247158992,2
-1.1252076227890897,0.6120427868313401,3
0.3731809295825558,0.15856849166453077,3
-0.7075797261519376,1.123378986525495,2
-1.0884655530123168,2.389126482107539,2
-1.4995378334835319,0.38652671189220594,3
2.6909918450530905,1.4222247138783661,2
-1.1340466802599174,0.14422050564342662,3
-3.189789123960402,-1.2074552088182218,1
3.203943287975801,-3.050278242157363,0
-1.344407971572585,0.9792670155254188,3
-1.022388756490362,0.3846536800575596,3
-1.1594526794366629,0.12051635478793678,3
1.76751084564183,-0.18453954947217946,0
-3.3450331163283265,-1.2334509021774418,1
-1.1444448743470879,0.660737033978432,3
3.882996987889133,-1.0823479449688047,0
0.3727964196841383,0.3237102693456537,2
0.3574908017435541,0.08488176981686042,3
3.8461561459632163,-1.3659040836001561,0
0.905478875057287,0.010290940676534398,2
-2.2649579465325975,0.06658189096607987,1
-0.8408466050468053,0.19816863570796903,3
-0.631556016613033,-0.5481847649372754,3
-2.1244799921933266,-2.4889794777268555,1
-2.144005472745041,-0.2525766531677354,1
-0.8848527679596458,0.9015271819826576,3
-1.758539956718476,0.7322583050941389,3
-0.7695090560029447,3.0198261286677757,2
-2.3103434843934867,0.1132031520534776,1
-0.6431415012380742,0.06564915863690411,3
-3.199632405128723,-1.2338496409706323,1
-3.229162248633683,-1.3130329374278638,1
-2.5196478044622106,0.2886936553775344,3
1.1706462125293564,0.4948743654562614,3
1.2840898778997039,0.10762314196099683,3
5.794689480583243,-1.1049522357370223,0
1.585929770976484,1.2064418717699308,2
-2.8622470777658595,-1.507409604277595,1
0.7219846510982036,0.13837780405154412,3
-2.5196478044622106,0.2886936553775344,3
-1.615822141132136,-2.906650634192637,1
-0.7695090560029447,3.0198261286677757,2
-0.5583906008966868,0.6868329569248534,3
-0.7492489301172135,-0.6367256713635463,3
-1.8712100325913337,-0.16425076940306807,3
4.200321633908755,0.9240870755066329,0
1.3195156220427502,0.596818015499867,3
-0.6787379802811666,2.9265836064929807,2
0.8413842257114308,1.292252491896844,3
0.13708612613630256,0.7861393436088049,3
2.0677516570313683,1.8355362770660708,2
1.7063289113012754,0.9823895122200288,2
4.319574183625312,-3.098530168272088,0
4.5578717500297365,-1.0168575213425108,0
4.262073052412049,0.29239337153653194,0
-0.6817624032418693,-2.656756772855115,1
-0.6679692201795705,0.218452207308082,3
-1.525051065410358,-2.9998931563674325,1
-1.3799502282651537,1.052282708765227,3
-3.124717023762874,-1.2012876056007984,1
-0.05914968442690727,0.17399908496347913,3
-0.8779476007861111,0.9774607894064905,3
-1.91382914890656,1.5220055183014036,2
0.36537685970575157,-0.10326760610595347,3
-3.018090253685166,-1.4203346853202228,1
0.9191769988366011,0.12439087751733062,3
2.282238736006915,0.016591553124498472,0
-1.9684639792995446,-2.620356725657637,1
-0.7550149701400891,-1.4504094191522576,3
-0.9934872684994767,-0.7502599965434515,3
0.01966368561339026,-0.4197636224262232,3
-0.95401203795289,0.5391261811534153,3
-0.9568378596481952,-1.803970266621508,1
1.9932770535710016,0.10530292939984841,0
-1.085856398633649,-0.0062859236199200004,3
0.6101585212766892,-2.1062922267211186,3
-3.1793466592406983,-1.294131388982403,1
-1.3179956820399756,0.2000416675426153,3
2.8673123458501353,1.7192604947896597,2
1.6591056739908818,0.8666682794192149,2
3.6085596239848408,-1.9217830000958303,0
-0.44964385238545823,-0.9424820803949363,3
1.0605378518771786,0.20793929358846566,3
2.8010075293892136,0.4469242730731677,0
1.6318797599934567,0.6461617381565802,2
-0.22711442550909622,-0.37012698782619563,3
-1.4254118439132337,0.3488732032809076,3
-0.6355905637026469,0.6873182097680545,3
4.39619648746239,-3.9838125279187873,0
-0.5574244801584516,0.12966930283821093,3
-1.58684108644324,0.5193788285921378,3
-3.189789123960402,-1.2074552088182218,1
-2.5860336615056707,-0.084548012312105,1
2.593566030861628,0.03193712907077974,0
-2.175877943241824,-2.290159226942418,1
1.183633889597711,-1.0734316876295762,2
1.5464712942579846,-1.962792422888076,0
-0.8557160328452406,-0.008164611624366947,3
-1.1532021819379084,2.2897715253278217,2
-3.289804297299117,-1.2536777311124288,1
4.276389959024578,0.7589814602704865,0
0.3252065881657812,0.2283134375282832,3
1.4061050667662736,-0.13481914141343218,2
-1.330156406124002,0.3026633375944097,3
-2.4126489137145892,-2.08344735365784,1
-0.26462785057194266,-0.36435720426372487,3
2.450709614902014,0.5313396126012845,0
1.3309295668137628,0.4286504058729515,3
-2.917475896795068,-1.4871827753426077,1
4.315880187922187,-1.9979754973995683,0
0.6005950053938136,0.7859268968303813,3
0.5713425364916133,1.2240006824117282,3
-0.17539095307958036,1.6666136718907354,2
7.140546649796457,-0.0031711370881062745,0
2.0668386694313656,2.3263425525959804,2
-0.2760053099696787,1.7334617619131203,2
5.900948305117357,-3.379355090540882,0
-3.3056599916550455,-1.1278731735677996,1
-1.4972211616507218,1.4434432149136232,2
2.8868870949490737,0.4093010551486434,0
-0.7899382360735961,0.4462063146290573,3
0.04783721683492528,0.937151756500177,2
-0.38115212416849303,2.6162141979195574,2
0.9373483108794762,-0.04079280780649551,3
1.106153221638436,1.9551691529710822,2
-1.5709034376322402,-0.24808414160103118,3
-0.3597396669275162,-0.7936672383034121,3
2.6344916145895576,0.15832252498147373,0
-0.30022432961503515,2.4965772435923514,2
1.6160750796079562,0.6281062542655123,2
-0.6865621681742351,0.8173701772093103,3
-0.8097119003729366,0.4417466969241332,3
-0.16899147053680894,0.47608813866170946,2
-0.9331764198153201,0.9976876183414775,3
0.5498229976232569,0.7643806777018839,3
-0.9658182431192623,1.2992914191965066,2
-1.3399996872923223,0.27626890544199917,3
2.866201504989183,1.0173766535649844,2
-1.5065154167087853,-0.11300710649099847,3
-3.199632405128723,-1.2338496409706323,1
2.467390730439842,-1.0397929983475658,0
0.8205185890401634,-0.23271732434328504,3
1.1529595839364792,1.259870970091734,2
2.6671859088898664,-0.4011486611565195,0
1.4962858535037065,0.7427369747648971,3
0.8981808615064872,0.47555748825695815,3
-2.4935767082680473,-1.9638103993306344,1
-2.8365481022416104,-1.6068197296698137,1
2.6876714304975606,0.5216585012322813,0
-1.247367021497857,0.7504670276198011,3
-0.799038899507905,2.940642832210544,2
-0.5682803422227483,2.886129948623006,2
-1.8198977553302556,-0.23765343358680577,3
-0.027211109737284394,-0.02533363384098501,3
-1.8572865730314192,1.8688527538386328,3
1.8090204929116582,-0.09969350442306883,2
0.9354159047659195,1.1102550847543542,3
1.9160044067554307,0.5066523920777863,2
-0.05276831751762105,-0.2329551554646229,3
-0.5586079218100981,1.166114911806496,3
-1.7932036362181099,-0.3677960526745528,1
-3.289804297299117,-1.2536777311124288,1
0.7623879441028687,1.0472111499533432,2
2.3902468185580714,0.9766364186201779,0
-0.6816218719254288,0.18820402714813453,3
0.0020450876321690286,2.2272646901820154,2
-2.011573365145593,0.14608067772470584,3
-2.5663470991690307,-0.0317591480072839,1
4.890278745585356,-1.0444797358852165,0
-1.1630454631062286,2.263377093175411,2
-1.6700131218551917,0.058884058273782,3
-1.2082513579899177,0.8394032322632257,3
-1.602459980634301,0.4762567055335751,3
-1.667768880996698,0.6390157829193436,3
-1.0027021941537217,0.43744254436238067,3
0.18094264210370048,1.0336678802147388,3
3.9283468002117248,-1.8161639663970517,0
5.621989799034434,-2.3941807651992026,0
1.3973211974159236,0.9370325534980455,3
0.5148501608165172,-1.5699364629030192,3
6.720666836914418,-2.872914174739027,0
-0.5456314550270236,0.6950177242651934,3
-1.9043631833233128,-0.34802458080767235,3
-0.8502583380860685,0.8165856766232151,3
3.8332317085678778,-1.434312324623595,0
0.38671192724744263,1.2881309084843802,3
-1.1360948988284219,-0.9062935333483921,1
-1.0637413074660784,-0.601892317448034,3
-2.3218778379928113,-2.1766898758326354,1
0.7959986878505416,1.3388737529842416,3
-1.067610581484962,1.036468036912444,2
0.7347574556337239,1.5112995716162687,3
-1.6316501035682924,-0.07326032974128176,1
0.4842058042808607,0.2501116465111078,3
-2.175877943241824,-2.290159226942418,1
0.8200247587517979,-0.3028527694770165,3
-1.336585655618447,0.7752869371435545,3
-0.711566684669555,0.028317265780320084,3
-1.409556149557305,0.22306864573627844,3
-0.4149684859567253,-0.773440409368425,3
2.75601861688809,0.04014831658856532,0
2.0671590695631648,0.4078491178609691,0
0.5259569986307242,1.2706219434991257,3
2.084058173951017,0.3235155367956046,0
-1.2581240659198722,0.16855776323442798,3
-1.9433641873266796,-2.606696238733264,1
-1.3846321832848525,-1.0596434394470111,1
-0.8932215661621297,0.46585926831958574,3
3.5458649429907156,-1.059622618903601,0
-0.42799098339924246,-0.5857402527165754,3
1.938813048536367,0.11057232198658966,0
-1.6003572033500093,0.422763328513454,3
1.01245762856416,-0.015239287508813188,3
3.3424019221617023,-0.17500867695862835,0
-0.36163642258752265,0.9225935932554578,3
-2.956849021468349,-1.5927605039522499,1
1.6260683113879009,1.7115580319812675,2
0.9916387885596696,-0.48750475747804095,3
0.9939843969268443,-0.07868438930334713,3
-1.8380073692034897,0.1424464486977279,3
-0.5879669045593885,2.8333410843181848,2
6.442280488302461,-0.6596956470894682,0
-0.5327380855301793,2.813114255383198,2
0.9569703654088664,-2.855376652621792,3
-0.7773332438960132,0.9106126993841056,3
3.1665684697104175,-1.2842008181820668,0
0.5700685193388335,0.710044917212092,3
6.166153868721723,-3.0756344511912537,0
-1.267053583834497,0.69767816331498,3
-1.4253357661260426,1.0989039698526246,3
-1.2793358713750556,0.9854346187428422,3
-0.8497745384501447,1.1754070549726743,2
-2.175877943241824,-2.290159226942418,1
1.3713630990465282,1.2034321201450484,2
1.788146991121236,-3.814626014070218,0
0.12367485891198547,2.0199496196043247,2
-1.5080364069117873,1.8252749255696872,3
2.1482583454185504,0.9839927228444147,0
-1.421561372954036,-0.4599957164114638,3
-1.1886408734404685,0.14216132999632994,3
-1.9176652118024307,-2.7061063641254828,1
3.132012511923526,-1.0759029380183784,0
-0.31630697901608773,1.3506975791187932,3
-1.1432553355795794,0.09554006890893228,3
-1.1530986167478994,0.06914563675652173,3
-1.2579361450595508,0.05084342322171241,3
1.4613416362987608,1.713906846774067,2
3.0003179168400838,-2.6064991327472846,0
-3.1701025616237626,-1.1546663445134007,1
-0.6493789975318762,1.2593574339812914,3
-1.827798066091687,-0.28285454731511045,3
1.6379085309734878,1.3946530975792024,2
-0.9646661617671299,-0.549101673613972,3
3.3783357062626176,0.9332691258983615,0
-3.1082621458555604,-1.4401627754620194,1
-2.5640620381018016,-1.93084962516761,1
0.7061416661372848,0.2737991370189667,2
-0.45327443524467503,0.42872793976600915,3
2.9364761105650046,-1.8760656902226442,0
3.6333019793312924,1.4285940733849636,0
5.615966464690248,-3.8015100869190266,0
2.6782280721977556,1.3470073115716494,2
-1.3745941171658993,0.361210410801442,3
-1.2472264293165236,-0.3966005915225494,3
-2.0930774056001997,0.0729715147860673,1
-0.790557226832658,-1.3773937259124496,3
1.0653590820908785,0.675289098825681,2
0.4608075685120822,0.4513483471560506,2
-0.286913942086679,0.6186457612741371,3
1.6858488774061189,-2.3360251002432046,0
0.4118980027837722,-1.1735012590809581,3
4.008052749543606,-0.12336772377310605,0
0.878494299169847,0.42276862395213705,3
0.7871696165359487,0.13844249709528056,3
-0.43261854637068964,0.8097598889186731,2
2.2111769105609067,-0.0055924240351510725,0
-2.3531628801277593,-1.9938490440865584,1
-0.4830242130417402,1.7260138137699217,2
-1.667768880996698,0.6390157829193436,3
-1.6041105472391262,0.06738795410700656,3
0.5228876528107342,-1.1401229569286888,3
0.5614219254021804,0.3845002571336659,2
-0.789195618339585,2.9670372643629546,2
1.224898118861941,1.4260852390513703,2
-1.5910642578647933,0.43422852503494375,3
2.306832789084083,-2.4426472070338643,0
-3.3056599916550455,-1.1278731735677996,1
2.552809797696051,0.8202721355546021,0
-3.053632510377735,-1.3473189920804147,1
-1.1477780028175966,-0.7316076902371216,3
2.087656910109845,-2.650939023432152,0
-3.3056599916550455,-1.1278731735677996,1
-0.18892493110028824,-0.09309137220242984,3
1.844387519500064,1.8586819123138043,2
2.304400004581291,-1.3536252465089476,0
0.9498810211646795,0.690013597244177,3
1.641765961667357,0.07288489323025517,0
0.3775693250197031,-1.4493601046257072,3
-0.7701006040143141,-0.3138280696558097,3
-1.5666253201396685,-0.024434420708695417,3
-1.3056392839408764,0.2861314360250014,3
4.073367624066291,-1.4770266743682663,0
-0.7142802369737355,2.9995992997327883,2
2.258802200142453,0.7765515294930694,2
4.2331306735936085,-1.2943633611888274,0
0.41241090277169146,1.1887207830921613,3
0.7517692125321689,-1.6955362371966616,3
0.9663381464565219,0.7402205888460146,2
-1.3282948160513146,0.8701039819470069,3
3.529487957889886,1.556239413968214,0
-0.6355905637026469,0.6873182097680545,3
0.9775408392940981,1.1523887086346511,3
0.6818001745500316,1.1835470245417539,3
-1.1118181378702494,1.4127607703062892,2
1.271667588788781,0.7150658823912843,3
2.853401041072127,1.560519454255606,2
3.8073158230852546,-2.0647110708295697,0
-2.4126489137145892,-2.08344735365784,1
-0.5984138683908695,-0.2967503972249607,3
0.1958539076481716,-1.550595257461037,3
-0.7451889299443448,-0.8584482414767403,3
-0.3419498602508824,0.9753824575602789,3
-0.3234715678415735,-0.1934537592975422,3
-2.195990852155374,-2.274179807904057,1
2.6412391075955677,1.7501358454793539,2
-1.1944164864632092,0.12543363909017774,3
0.21852786134973057,1.5545969199201384,3
-1.1375171133944981,1.5121708956985078,2
0.19155385710442924,-0.21579165420950977,3
0.4945941785940477,0.784607506636871,3
-0.9805218561230589,-0.4232971160693429,3
2.0701084340650815,0.475739538922485,0
2.360102007577404,0.7916839288322073,0
0.7150708932970836,1.4585107073114476,3
2.0126115072469744,-1.079897028665449,0
-1.825856297774499,0.14595897723115397,3
-0.735855547366741,0.17769836238759348,3
-2.8008330085745667,-1.724137751883032,1
-1.645778331214006,-2.9170656473066874,1
-1.2950308433533073,0.19228172911256258,3
-2.057535148907631,-4.4178453740978854e-05,1
-1.0958005527848298,-0.405599172122255,3
-2.0592350550213228,-2.527114203482842,1
1.9329535937942153,2.118226959848671,2
-0.38115212416849303,2.6162141979195574,2
1.7536164437782862,1.9519244344885998,2
-2.3514076814977716,-2.255873172289867,1
-1.480564585155252,1.1191307987876116,3
-2.669106446523995,-1.9295243446780836,1
2.4070533730486128,-0.04544676920556294,0
-0.6383522747119096,0.2493062571654168,3
0.5536416507670772,1.6290163326226776,3
-1.1927459324237075,1.532397724633495,2
-3.189789123960402,-1.2074552088182218,1
-0.6062801439826697,0.15199777917478688,3
-2.629733321850715,-1.8239466160684414,1
1.7339298814416457,1.8991355701837787,2
0.22859289051744625,-0.16276475576235452,3
-1.240108770060588,-0.807265709565007,1
-0.743810080478696,2.9204160032755566,2
-3.1701025616237626,-1.1546663445134007,1
-1.354251252740905,0.9528725833730083,3
-1.8607453203422168,-0.4628345973267676,1
-1.364750835997579,0.38760484295385245,3
0.14692940730462262,0.8125337757612154,3
-0.7464632296955549,-2.515485874414482,1
1.025197915100504,0.7577880715377515,3
-0.5879669045593885,2.8333410843181848,2
-0.9053093907779894,-0.16203847427398224,3
0.8479547166298452,-1.495102630834411,3
-1.3045817207195638,-0.26178813604231044,3
-3.199632405128723,-1.2338496409706323,1
-0.8987832189236808,0.5188993522184281,3
-1.5134123272785887,1.6624351260205459,3
1.4700340704876127,0.21549557884351986,2
-3.118704610575265,-1.3534865952978383,1
4.044251841513108,0.8784860312365755,0
-0.527968650037043,0.4375386363531015,3
-1.4945456631666338,-0.20119830088384003,1
-1.4603510858827424,-0.8406316238340596,3
3.486318517860764,-2.4553179612159943,0
-2.0495646108274768,-2.4564174423570213,1
0.45777351796208215,-1.8716464917687543,3
-1.0566653966282316,0.6425031747995852,3
2.4219592113834656,0.7110685969090371,0
-1.2339503335141664,0.9388133576554445,3
-1.405841847971555,-0.7406754897272428,3
-0.64443870128307,0.6301912839201156,3
2.987898833042674,0.9527007385236372,0
-1.1017936157087413,1.0635564849473442,2
2.4077151321800163,-2.825495034737312,0
3.7611065714863705,0.613087901504001,0
0.2551664189969418,1.5835225019129866,2
0.8315752009078079,-0.2169791296805876,3
-0.31428359816371926,-0.8057653092058773,3
-1.3560240989731915,1.5596065847628648,3
0.6861761008738347,-0.7481290681203355,3
-1.2455664609147732,1.5191529268928905,3
0.8972261953045115,-1.5793372550735967,3
-0.45533995298287633,-0.590637721996171,3
-0.8085809747016686,-0.19127320114457927,3
5.26233117255155,-3.1299918091705816,0
1.095025100393852,-0.21430076266891354,3
-0.4232938313136574,0.4087523304250434,3
-0.8946960491279659,0.875132749830247,3
-1.8853816483872041,0.8498339789703998,1
-3.199632405128723,-1.2338496409706323,1
4.240364482894928,-1.4870402402452658,0
-1.7683832378867963,0.7058638729417284,3
-0.7486961543769788,0.7616633987204646,3
-0.0236205315323513,-1.0937061797774053,3
-1.3458453465329332,1.4928136633529818,3
-3.199632405128723,-1.2338496409706323,1
2.400879769836611,1.4521511752528395,2
-0.9294530066081015,-3.68940025685746,1
5.07424889617382,-2.121865663925043,0
1.320568740761324,0.8954033341638397,2
4.9102892349177845,0.06608335590015321,0
-0.8474861716587889,-1.311349553775392,3
-0.15277963072328152,-1.8602046480180747,3
-0.22077649094046953,1.7132349329781333,2
-2.0949501486883664,-2.409796181269624,1
0.7138976358872278,1.2251211437417329,2
-0.3604529809358762,-0.1138520157128274,3
1.280191240993107,-0.7825552286940894,3
2.3061457028794954,1.6338680608152039,2
-0.8915187137019296,1.0702180587380847,3
-1.4351790472943629,1.072509537700214,3
-0.4196279492212134,-1.03072357186509,3
-2.1150630576019154,-2.393816762231263,1
-0.8199705039426568,-0.31423946505670947,3
-1.2941119242124974,1.2008060590062506,2
1.6397232507025958,0.289852894282483,2
-1.052923296319748,2.316110788867731,2
1.7763554215898727,1.1046829315849127,2
3.85514285978408,-0.5015754582440364,0
0.8680918178390347,-0.9785999499759459,3
2.411067117502685,1.0435666251706532,0
3.4030461751084284,-1.6962071097694904,0
-0.5318963250738509,0.26389929745839086,3
-0.05831752322100568,0.5849932278244414,3
2.150902748074732,0.905110953204412,2
1.0795606872481818,1.2382649289145,2
-0.8990164315348208,0.15200918202029298,3
-0.956051039738133,0.5756550847772004,3
-0.31256587334154,-1.2061571865763052,3
-0.8036406784528625,-0.8204393512057548,3
-3.315503272823366,-1.1542676057202101,1
-1.0818374352166107,-1.2706379867346884,3
0.5853652543158259,0.6913649844620757,3
-2.68436295732854,-1.9167903994500461,1
-0.863164023368985,0.3746890714977251,3
1.3685159653035985,0.7792836656666886,2
-3.199632405128723,-1.2338496409706323,1
-0.11559456081871929,-0.4452939822323903,3
0.6118147622302961,0.5236728413185199,2
4.9371460864395775,-0.3395766137747642,0
1.6162505817311728,0.6603958267151246,2
2.58508883964318,1.2235614194203066,0
-1.2027073260303416,0.03061659428672524,3
-1.1176599252453394,2.216755832088013,2
-2.150178967717575,-2.3895693523346364,1
0.23845309440855808,1.0158482535517657,2
3.8272913480903,-3.8144482305653105,0
-0.5451266735260722,1.0345928984572021,3
-0.6167967553519325,0.5119744769520029,3
-3.189789123960402,-1.2074552088182218,1
4.473041933021149,-3.6822118056292914,0
-0.5312100735652903,0.678964301551947,3
-1.3881029690457014,-0.07724453288328752,3
-3.189789123960402,-1.2074552088182218,1
-0.7542598056994164,0.7712770821004327,3
-1.2090844481652507,-0.01052254259223277,3
-1.2083274357771088,0.08937246569150888,3
1.7241531367912157,1.8775493317315284,2
-1.350838112048539,0.2806069669851169,3
-1.7569319120110924,-1.969208281574994,1
-3.1701025616237626,-1.1546663445134007,1
-0.8585014065467411,-1.3588197112951053,1
-1.4286939230778808,-3.176566384896086,1
-2.9524189699362537,-1.5272376944193913,1
1.3048065487068194,1.3584032289487777,2
-0.08821583155773298,-1.1436103488089302,3
-0.8473662479120014,1.1419354282970828,3
-0.9026660300618391,-0.15214287898250797,3
-1.5373878804367718,0.48242430875099845,3
-1.4707213039869318,1.1455252309400221,3
0.3386503944236803,-1.3971397389235554,3
-0.7241235181420558,2.9732048675803777,2
-1.7291485801263176,-1.0548023948225032,1
-0.44729304966687233,0.4920725889367619,3
-3.189789123960402,-1.2074552088182218,1
2.6551699274001894,0.2011482316251534,0
2.0859768516594235,2.0165690988728016,2
-2.077829728478342,-0.20333385973736876,1
-1.758539956718476,0.7322583050941389,3
2.172164946807014,0.9079607843324575,2
-1.7325038002765991,-1.2786198554733412,1
3.373238443562372,0.18108689339341066,0
2.058217654872209,0.29346126141171786,0
1.266979936969694,-0.23536494136160077,2
-1.0169420031652323,-0.07071814650567122,3
-1.7713828274047732,0.08019143926410917,1
-1.9158923420074785,1.4116008518836507,2
1.9194338332540481,1.8401076258309683,2
-3.199632405128723,-1.2338496409706323,1
-1.6776121621650182,0.6126213507669331,3
-1.1572797535183295,0.70935126482197,3
0.17941959713491618,0.7678166524318453,3
0.7326233329048826,0.8164117825530403,3
-0.027911102449700863,2.2168496770679655,2
-0.45883608800622633,0.48176802366485166,3
-3.053632510377735,-1.3473189920804147,1
1.7315837447997453,-1.007702423143806,0
2.0867445565835285,1.5685393326753685,2
-1.1780682195433803,1.0769216947824183,2
3.282886136245841,-0.6625872432416752,0
0.7160851031508109,0.28447388357489695,3
-0.16960732248532562,0.21445274283345336,3
0.8902104525505542,0.6678773740968779,3
0.7913484161284889,0.07267654330328689,3
2.2342803251489807,2.0036379375877105,2
1.3050828854886414,0.8524343131752781,3
3.2702228099265356,-0.6776380233861904,0
0.47956450307129267,-2.2964179064299572,3
3.7608187985879247,-2.252314147562189,0
-0.09899561583483875,2.362881063547582,2
0.9541682366156643,0.1966078479576047,3
3.071514168915808,-2.635467846534895,0
-0.6688946991128464,2.952978038645391,2
0.9220261589314762,1.978399428094911,2
0.5107856648142958,-0.02235275204098817,3
-2.225520695660334,-2.353363104361289,1
-0.9940132059730682,0.37743871456942063,3
4.033608873557968,-2.0973320294212296,0
1.8542308006683843,1.8850763444662149,2
-3.229162248633683,-1.3130329374278638,1
-0.5327380855301793,2.813114255383198,2
-0.27452535409078643,2.397167118200133,2
-0.42838323233090836,0.19567858836403965,2
-1.5275445992684515,0.5088187409034091,3
0.2908866493002021,0.03925493178317281,3
1.1702622752158172,-2.310730117825097,0
-1.0359661668517288,1.1152647971968248,3
0.4222926381052915,0.93513812137917,3
-0.7596657748346245,3.046220560820186,2
0.27994438140820255,1.8641064173037714,2
-2.2212634811027128,-2.2435379658550203,1
1.3824930688582575,0.8438448304836923,2
-2.2730335528211247,0.10837621424536699,3
-2.7100619328527884,-1.8173802740578275,1
4.543922892165889,-3.461533096146437,0
1.9387580898943713,1.9321792858228521,2
-0.27707066091835897,0.6450401934265476,3
-0.03693564959442909,0.028219945125577756,3
-1.5178796880801075,1.7988804934172766,3
-0.4984388065320827,0.5167219328103332,3
-0.27707066091835897,0.6450401934265476,3
0.8672700052226419,-1.589752268187647,3
1.1859234364508409,0.13879364753112453,3
-1.2927525593587457,0.7970882887071988,3
-1.4105819754585245,1.3934587065732646,2
-0.3058852210681477,-0.39854169929256866,3
-0.9497811653851831,0.44009761904637795,3
-1.0536737986253097,0.5674945118036365,3
-0.4707968606009452,0.3985051258422205,3
-1.51317009596538,-0.335755697918956,1
-0.45625026136823915,1.3554046809794995,2
2.3250846621404686,-0.11294294796320185,0
-0.7542598056994164,0.7712770821004327,3
-1.748696675550156,0.7586527372465495,3
-1.281108717607342,1.5921686201326988,3
1.0440184305556128,1.311280622154308,2
-1.0369788342915913,0.6952920391044062,3
4.754198970114198,-2.187927204234027,0
-3.260274453794157,-1.174494434655197,1
-3.2094756862970426,-1.2602440731230429,1
-0.6865840686920748,0.09346373814840815,3
0.715712241824344,-1.306799619470775,3
-3.1799458427920824,-1.1810607766658112,1
1.8189022591389177,-0.41159808899077904,0
-1.3444840493597758,0.22923624895370187,3
2.8896379319756176,-2.9305426368602934,0
0.202036154176636,0.026959662092458894,3
0.24624676985078076,0.43015411961866906,3
6.648280453637308,-3.0603752691183743,0
-0.5130515231935393,2.865903119688019,2
-1.1233319730780713,-0.020597747389438602,3
-1.0268888495235613,2.123513309913218,2
-1.228594222414912,0.24774105969165963,3
2.779342029509234,0.6941426163569407,0
-2.532949832941328,-2.0693881279402766,1
-2.4929775247166637,-2.076881011647226,1
-3.199632405128723,-1.2338496409706323,1
2.1131371948922575,1.788915015978673,2
-0.6419256815272797,0.08735435928218384,3
-1.3380567168854336,0.2574622238661054,3
2.177094978957368,1.3176454898393999,2
1.1348071542818525,0.5973489724106771,2
-0.6742909139925463,-2.597924963756704,1
1.1468525203872548,0.4464922786931386,3
0.8152102307152768,-0.43539831167084325,3
1.3912942793324028,1.5749705387113695,2
-1.7033111376892671,0.7120314761591517,3
0.3965552084157627,1.3145253406367907,3
-3.3450331163283265,-1.2334509021774418,1
4.167960839984852,-1.7113016564125778,0
-0.6402033872432887,0.016109983365482087,3
-1.7472362934817118,0.04920392652293244,3
0.8394233831062613,0.7304672551141512,3
-1.1725260700461049,0.24464544938689323,3
3.3322860357033215,0.03956790820352263,0
-1.178268388305217,-0.42804635145691383,3
-0.9239789090088932,0.4783466067865704,3
0.5624571685494791,-1.7109551032721546,3
-0.20313963473109184,-0.8543858694821965,3
-0.6885270390989633,0.11227041972430177,3
1.005882904124333,-2.3649548779621417,3
-2.5389622461289365,-1.9171891382432364,1
-1.58436891206942,-0.09602996658941036,3
-0.38115212416849303,2.6162141979195574,2
-1.4408411916922528,0.40590947748235534,3
-0.876757065242993,1.966785944968999,2
-1.1055210604524497,0.6648316511361612,3
-1.0887945126284346,0.043253251651502025,3
4.289412051056211,0.3996018317030536,0
0.731640783309828,0.6783669835348963,2
-2.3099923114336,-0.3934756885573299,1
-1.2947384395512438,-0.23539370388989986,3
-1.6896996841918317,0.00609519396896101,3
-0.6631893318789455,1.1074902191336258,2
0.8505452030422049,0.29587238556744916,2
-1.098308834180637,2.3627320499551283,2
-0.30575617387521065,-0.20791080467005843,3
-1.2716639454094802,-0.05435354158250892,3
-1.6776121621650182,0.6126213507669331,3
0.49493361806582564,-0.8020322804356665,2
2.392390719982723,-0.09869920617903029,0
-1.6066992880079076,-0.45954080802441694,1
3.157330788004043,-1.202799304733442,0
-0.7770057711878487,-0.3897616770796423,3
1.7007043629089187,2.2969807291528213,2
-0.021193870133702285,-1.1150186547568308,3
4.732728009756356,-2.9643229702555676,0
-0.26266297964721436,0.3407425532212837,3
-1.2012261349774846,0.749386475564461,3
-2.5196478044622106,0.2886936553775344,3
-1.1656838782849157,0.6763707823246528,3
0.37890737549628206,1.1578265878827425,2
-1.5479570039984658,-0.21719929564709012,3
-3.1088613294069445,-1.3270921631454278,1
-2.765889935433382,-1.6840828328062485,1
-1.5178796880801075,1.7988804934172766,3
-3.199632405128723,-1.2338496409706323,1
2.342410643620044,-0.2775208427499412,0
-1.480564585155252,1.1191307987876116,3
-1.435255125081554,0.32247877112849715,3
-0.7984020746447225,0.08516109199790829,3
-0.5781236233910683,2.8597355164705953,2
-0.4873525476692904,2.7664929942958003,2
-2.5274278925296114,0.37270388964287654,1
-2.5663470991690307,-0.0317591480072839,1
-0.6657661775694999,0.062399469603505314,3
-1.612540061967489,0.6187889539843565,3
-0.39132070657742124,-2.091206932820489,3
0.4762897757917594,1.1266419618124757,2
0.37279347947542263,-0.055560698974117514,3
2.7482589810342875,-2.7432754785971256,0
-2.7156479994634877,-1.7339495677039691,1
-0.5582407975356133,-0.6393650204353152,3
-1.9350369522607254,-0.9820584530234603,1
3.2722428830951102,0.2160793167682076,0
-2.274450054741031,-0.46649138179713795,1
-3.189789123960402,-1.2074552088182218,1
-2.160448595462805,-2.3471955011438657,1
0.5259569986307242,1.2706219434991257,3
3.5670954620728135,0.5487760486845301,0
1.4766774130186548,0.6877101263912007,3
-3.199632405128723,-1.2338496409706323,1
-3.189789123960402,-1.2074552088182218,1
1.5833409674205985,1.2295655565462857,2
-2.4366568168078335,0.2794613674680811,1
0.8392685101204507,1.0048626496600532,2
1.641325903192915,-1.3197067505443092,0
-1.274001660793641,-0.42954411828184497,3
1.9518366291878388,-0.9306292219454382,0
0.6623185318658498,0.5377784662251366,3
-2.086488746511443,0.11351864235487179,3
-1.7784200588009835,-0.9705677705833179,1
3.42463423172351,0.3958415892810541,0
-2.9371624591317085,-1.5399716396474288,1
4.158203216176525,-0.7722087261777455,0
1.5879124290700792,0.905208466312146,2
-0.8049970903449902,0.3049230672913158,3
1.4366770467930066,0.2051583407129953,3
0.8277222913992903,0.40122240482363974,3
-1.3734651040486716,-3.1967932138310733,1
1.9780248475058466,-1.2110851019068996,0
0.7430414067668494,1.011121205909727,3
-1.4056492037894026,1.1516928341574457,3
1.0860215266388553,-0.708149703965989,2
-3.1990332215773387,-1.3469202532872244,1
-1.6874554433333382,0.5862269186145226,3
-1.4581106524881389,-0.046081397002775845,3
1.1761425331862814,-1.2493215825864668,3
-0.6658070817600871,0.19759185717023978,3
4.039882892361823,-1.2633997984948213,0
-0.6688946991128464,2.952978038645391,2
0.8689532266112214,0.8096505515713828,3
-0.7065982739937853,-0.8601978417367504,3
-1.9567001392748153,-0.6435250940319301,1
2.1566502320519914,-1.0991073247193957,0
-1.8323688242879606,1.0317354794603093,3
1.0092644428428466,0.2147373604740491,3
-0.7981953464084587,0.6009880866768813,2
-1.78047075991361,0.09933771614375624,3
-1.0201103301108378,0.631669714558052,3
-3.3056599916550455,-1.1278731735677996,1
1.5484541324258334,-0.6117450901997084,3
2.245825047000963,-0.8957075854146895,0
0.9977393338287186,0.5415875337929048,3
-3.189789123960402,-1.2074552088182218,1
-1.4351790472943629,1.072509537700214,3
-0.060033107868291136,0.17106484405167557,3
-1.593372048125464,0.457110428653928,3
0.3193175060814829,1.9696841459134133,2
3.052958864671514,-0.910556140538146,0
-0.6325195045015007,1.5677023894679603,2
3.5192499905164376,-1.7495082805642537,0
-0.8497745384501447,1.1754070549726743,2
-1.490407866323572,1.092736366635201,3
-1.1409513481335272,-3.5133302256219197,1
-2.9016202024391395,-1.6129873328872368,1
1.4863870909578385,-0.8001915394479555,2
-2.2666490189636024,-2.1969167047676224,1
1.9822259609285393,1.3655735235803452,2
4.679409923323051,-1.4272389312508482,0
-2.075263586351726,-2.3570073169648027,1
-0.28436863525910644,2.3707726860477223,2
5.45347487622381,-3.24029231531578,0
4.762916228267929,0.8690473653987723,0
2.050384611058777,-0.9421310838719608,0
4.926798891529856,1.7226292972325066,0
1.983497056036502,-2.0631471528458807,0
-0.7142802369737355,2.9995992997327883,2
0.23465003212335922,-2.7902342658150707,1
1.5664882257240311,2.2218401851920486,2
0.3026825160499949,-1.5432908751821304,3
0.0042439771595695576,-0.45458272469261224,3
-1.1614454129552005,0.25972049791614543,3
3.502103212156951,-0.86030818482741,0
-2.5488055272972567,-1.943583570395647,1
-1.3345646904042647,1.0056614476778292,3
-2.5274278925296114,0.37270388964287654,1
-3.2193189674653624,-1.2866385052754534,1
-0.4873525476692904,2.7664929942958003,2
2.4716618517730193,-1.2972272132283118,0
-1.3687226428155803,-0.38080243637769645,3
1.4933735786311124,2.056643566965688,2
-1.1774983278235134,0.582730440494905,3
1.3640873823580997,0.7729075793863219,2
0.391579673142477,-0.9338777677245205,2
-0.5707378872901008,0.07898208593497866,3
2.497204933965149,-0.21321685059830517,0
2.2215551688536017,-1.2934353530091112,0
-1.8722796739415417,-2.7527276252128807,1
-1.5178796880801075,1.7988804934172766,3
-2.595876942673991,-0.11094244446451555,1
2.137571774481791,-0.5019746298741051,0
-0.24428902330662394,-0.8694820523541054,3
1.3429854793842138,0.2495778927334846,3
-1.102582946457664,0.6152924758647389,3
-1.4343303771623162,-0.876913055543074,3
0.24746010055010542,0.41949788212895645,3
2.260480645181556,-1.56755721600955,0
2.2533130273322706,0.2311909735477191,2
-1.490407866323572,1.092736366635201,3
-0.007211959217083824,-0.5132165365644192,3
0.7553822967452541,0.8317301134313407,3
1.9316266863682712,-2.190965074170734,0
-0.6229229269328903,0.19226998296396913,3
1.557006866958604,1.0946550814627525,2
1.363920211021503,-0.2493285924080384,3
-1.3661154991234075,0.6961036406863228,3
-1.0160641128156278,-0.3502814228295346,3
-2.613877627494786,-1.9497511736130706,1
0.9779791461714993,2.292343156144217,2
-2.5077413301929714,0.42549275394769764,1
-0.6038225989153174,2.9591456418628144,2
3.786701471109184,-1.8884901501631648,0
-3.189789123960402,-1.2074552088182218,1
-2.8106762897428874,-1.7505321840354426,1
-1.435255125081554,0.32247877112849715,3
-3.0333467644897114,-1.4076007400921857,1
0.6931066842984348,-1.4387602055725677,3
2.692839683111369,0.3502453944428247,0
0.458524103539366,-1.0038122928584685,2
1.1972862197631073,0.7611359592194014,3
0.2298428784701848,1.1507013359497802,3
1.0093970556448735,0.17638101902261763,3
2.9952465371020405,-0.5582793905669919,0
-2.2058341333236937,-2.3005742400564677,1
0.13938235764132104,-1.1756250644470403,3
3.1080909173453395,-1.5963054977937368,0
3.079626699561493,-2.303548720607789,0
-0.799038899507905,2.940642832210544,2
-0.6717785907571086,0.21459845930054508,3
1.5937438022577741,0.1979597521215413,3
-0.7339667993103758,2.946810435427967,2
-1.0937348088772405,0.6724194017126778,3
-1.5419984615542224,-0.6008117064650499,3
1.4779370257423852,-1.1013312150595942,0
-1.3898695872206648,0.27585751004109943,3
-1.091925834350894,-0.10438140288008639,3
-2.2311067622710334,-2.269932398007431,1
-0.15052443587163453,-0.5664824742482371,3
-0.3823818269774828,0.7079441984118179,2
-2.0569589030064823,0.19270193881210335,3
-3.285973429318406,-1.0750843092629785,1
-1.269039464026995,-0.3348038292821186,3
-2.982547996992597,-1.4933503785600313,1
-0.789195618339585,2.9670372643629546,2
-0.9428174610110065,-0.517173159446993,3
-1.316899093281807,0.8280758014483756,3
-0.4665172307550629,0.43451324137459907,3
-0.6493789975318762,1.2593574339812914,3
2.0219880140698714,0.47771213156879705,0
2.6712611516369855,-1.1563353065913125,0
5.140981802683816,-0.8154035864422173,0
-0.11952772782801764,0.5418754075886755,3
-0.8054825911286632,-0.27929326887055367,3
-1.2375237403295367,0.7768614597722117,3
-2.547114454866252,0.31991502533805544,1
0.21669488481801427,1.1477657795151153,3
-0.5000193486173692,-0.9648802014188003,3
-1.5687455308402423,-0.6897732995463325,1
1.7235828354253013,1.003944551978218,2
2.0050787404535417,0.29613735879167064,0
-0.7596657748346245,3.046220560820186,2
-0.6491616766184649,0.7800754790996487,3
-3.199632405128723,-1.2338496409706323,1
1.2498412035912665,-1.634988951810725,2
0.5698518311895289,0.7173998378628628,3
-2.547114454866252,0.31991502533805544,1
-1.5769978052749198,0.5457732607445483,3
2.025017826172331,0.12394227168435125,0
-1.133851090873206,2.435747743194937,2
-1.3821215834678984,-0.013899883712534684,3
2.968592396812834,0.020503787300714966,0
-0.8769524571982144,0.9467282957109621,3
-3.289804297299117,-1.2536777311124288,1
5.99176905871078,-1.4828878803342271,0
-3.043190045658031,-1.4339951722445963,1
-0.6947645353927654,1.305978695068689,3
-3.0082469725168464,-1.3939402531678127,1
-0.8582547410039221,0.3923958059036402,3
-2.790989727406247,-1.6977433197306215,1
1.455284804656787,0.6108967738683452,2
-0.3415125456820811,1.2297935823858774,2
0.5334442479874142,-1.7935437473668632,3
1.0781551961841962,1.0855406186122663,3
-3.199632405128723,-1.2338496409706323,1
-0.49952551832900394,-0.894744756285069,3
0.40764175601608993,1.74248568373246,3
2.2038936108150695,1.4938036106378914,2
5.161837869677674,0.5440761565915734,0
-1.1490702924083271,2.2465135114933847,2
-0.399937621421005,-0.14070987526755707,3
-0.767483665282144,0.2991532837288449,3
1.1219425524911644,0.20261526901256613,3
-0.7596657748346245,3.046220560820186,2
0.5952085354841459,0.7177594166144863,3
2.5913522148484844,1.782866838585569,2
2.0596673137462855,0.5773491971635,0
-1.2207158121713204,-0.43096426564093837,3
-1.2700872164885415,0.047330894688286176,3
1.4905269198576392,1.091292087339969,2
-1.7913518793880836,-2.8723645795400863,1
1.7234328272904778,-0.7966765827514023,0
1.430241129191108,1.8292855920961613,2
1.1515156746008353,-0.6729442968301126,3
1.0528191832499267,0.9869251767585152,2
-2.5274278925296114,0.37270388964287654,1
-1.5002511474918923,1.0663419344827905,3
2.9859250075860535,-1.0858265935807312,0
-1.0763922033579387,-0.2817849932530468,3
1.2250687202285677,0.7723433809683948,3
-0.7518944096475798,-0.6724932883868311,3
2.1392193282305425,-0.9918510218739792,0
-1.040336991243429,-3.5801783156443046,1
0.8456311410326333,0.6203374983592288,3
-2.9371624591317085,-1.5399716396474288,1
-1.366693806404468,0.40641152452974616,3
-2.1212402211183274,-1.7260681917296488,1
-0.9594091966899712,-3.6998152699715106,1
1.3813271189075689,0.6917405036849853,3
-3.1739334296044737,-1.333259766362851,1
3.6545337295402676,-2.6216928149165386,0
1.192238058248144,0.3998710176057409,3
-2.5196478044622106,0.2886936553775344,3
-2.5196478044622106,0.2886936553775344,3
-2.576190380337351,-0.05815358015969445,1
-0.7233720463837705,0.044178056982207406,3
3.7854021106609754,-2.7047571288969725,0
4.575589674673901,-3.417730048192258,0
-0.7596657748346245,3.046220560820186,2
1.802764484953434,-2.1951076716068876,0
-1.435255125081554,0.32247877112849715,3
5.442104906174323,-2.8905907281094954,0
1.8161049276201673,-0.5441990860211772,0
2.250019702125467,0.9072293447946972,0
-1.78047075991361,0.09933771614375624,3
5.721505137895129,-1.9150577675077223,0
1.3770810281671635,0.5066750401615726,3
-1.1473603945628184,1.4857764635460973,2
-2.130492405380935,-2.3367804880298153,1
5.313241612341037,-0.32683317835066905,0
3.5901804727887816,0.5787459712497185,0
0.4870702465330953,-0.546357474739889,3
-0.7596657748346245,3.046220560820186,2
0.20697604580801954,1.0747190415980499,2
0.2111646313709154,0.2150205081555159,3
1.6981682999335543,2.7827433476490198,2
-1.3799502282651537,1.052282708765227,3
-1.1630454631062286,2.263377093175411,2
0.6963985408141709,0.2316850192700759,3
-1.1758944212747122,-3.5533851446987037,1
3.5643002787918387,-1.4773991255560404,0
-0.7695090560029447,3.0198261286677757,2
-0.8457376336914065,-1.283602308988389,1
-1.5469387578030283,0.028354443596125576,3
0.669915889270978,0.22214630287978812,2
1.1586566441607447,1.034671947628242,3
1.1156617931853043,2.138330087926805,2
1.5484095923322343,1.16635088001893,2
0.3909882537856878,-0.8904340351602269,3
-0.8480310727258545,-0.8045505838138856,3
2.141973375612738,1.5483125037403815,2
-0.0830381571273061,-0.8759348113775531,3
0.690310196547725,0.8255625102139172,3
2.3029799436187584,0.9491019075448294,2
2.3346819993464574,-1.0827201758890859,0
-1.1829026512553873,1.5587921567859055,2
-1.1727091012973487,0.7663875390234176,3
2.788385654279844,-1.9611937369110422,0
4.393246804173621,-1.5690729230941878,0
3.2317342767685995,-0.7982188676121167,0
-2.225866561527739,-0.6676929229201569,1
0.8605276461314793,0.07443736897901186,3
2.2305714775185437,1.9594675817203884,2
0.02307835690719365,-0.23121586365519683,3
-0.5712314265109069,-0.7196843470581895,3
3.9151763687655876,-3.5495807451904473,0
0.8867697635723197,1.2456312308094466,3
2.005394087506085,1.2594713161182525,2
-1.328552277216656,0.8534624579807895,3
3.3254679261823585,0.22272580366076442,0
-1.4443090144543227,0.36629988295721877,3
2.7781607947154026,0.19790790065068423,0
1.3912915089321174,0.2517796018003929,3
-3.027933534853487,-1.4467291174726333,1
0.3699996189988004,-2.02783165143911,3
-3.3351898351600058,-1.2070564700250312,1
-0.6702735485784955,-0.8258862061069063,3
-1.826897665984756,-1.502954813648832,1
2.5977619723924072,-2.173183904253073,0
6.186895092430075,-0.5591351711391687,0
-1.8237836961440328,-0.20004007043501817,1
3.354936397506171,1.5482364651358285,0
1.8640740818367045,1.9114707766186254,2
-3.1088613294069445,-1.3270921631454278,1
-0.7391356593985381,0.7593546795913446,2
-1.5706223468686697,0.5325580983718223,3
2.6434422965099844,0.6195586749405848,0
-0.8316912094571358,0.4350656863790629,3
0.680225556965132,0.039735292924641244,2
-0.27086534686574454,0.8293510710806624,3
-0.09213964954778368,-0.12897267168312077,2
-0.4234434309159644,-0.2777037388809729,3
-0.8610788238116286,0.42502330884077794,3
-0.7260122661984209,0.20409279454000404,3
-1.1474364723500095,0.7357456969743805,3
0.15814829030370467,-0.17104007940085533,3
-1.0566653966282316,0.6425031747995852,3
0.12144239695082638,-1.8287075287310495,3
1.5935921944226124,-1.5978002886174951,0
-0.27532825531512695,0.5077951102191104,2
0.5522822390978215,1.2432426449864515,2
-1.5381432290962547,0.4368835997189408,3
2.1983729806738515,-2.35803581562303,0
-0.595791092452457,0.724127655034515,3
-1.5709853920873114,0.3935742710475085,3
0.17890367794119466,1.9997227906693378,2
-1.5769978052749198,0.5457732607445483,3
0.28359996154725975,1.5607645231375618,3
1.5083151670902646,0.4366956032650307,3
-0.05914968442690727,0.17399908496347913,3
2.106431118920169,1.6213281969801896,2
3.983903775316855,-1.9234525014844848,0
2.4036703836768423,-1.6923795104644577,0
0.7992782070956885,-2.171248973284497,3
-0.8644555640927707,-0.7167818159169096,3
-3.199632405128723,-1.2338496409706323,1
-1.2537129736379977,0.1359937267789065,3
-0.947693172433485,-1.1906531417634088,1
-0.8007476379801515,0.9769755365632893,3
-3.199632405128723,-1.2338496409706323,1
-1.5617442357379945,-0.09278027755601141,3
0.3698729877884082,-0.10438366912842299,3
-1.1175563600553307,-0.003870056483286433,3
-0.45430874023466095,0.021521825934699163,3
-1.04674603767272,1.4189283735237126,2
-0.6990309866702072,0.7510502531654455,3
-1.9924630487101018,0.0061234247636824,1
4.163465932210799,-1.421029793416579,0
-0.863164023368985,0.3746890714977251,3
-0.9036402788648109,0.4390170669910379,3
-1.2778657010895786,0.3319756839308449,3
-1.463995576790963,0.31351101865239767,3
0.640594073345035,0.6711381555270886,3
2.685601241722395,0.22392305334868248,0
1.7492488497741117,-0.17960695262012652,2
-2.7359337453515122,-1.6736678196921984,1
1.6702356438026111,0.5070809897578588,2
1.585253717210192,0.14129666428753193,3
-1.5414555485823511,0.47275756750474,3
-0.5327380855301793,2.813114255383198,2
-0.895642897696648,-0.44669650871028516,3
0.10824551113296631,2.0769858938057726,2
-0.7399792124979845,3.0990094251250073,2
2.1355171296988193,0.6686575340034473,0
-0.608896444590501,0.5571755906803074,3
-1.5310830634470995,-0.0974501139485037,3
4.005767174127007,0.12657597630120362,0
-0.39173802307082417,0.06898881603324956,3
-1.5520558421388133,0.3464681270685879,3
-1.3380567168854336,0.2574622238661054,3
-0.984568073418269,0.5586540213182438,3
2.383818986300192,0.5576848249783081,0
-0.7705566417421956,1.816507148592756,2
1.6280142401293303,0.9422715801758459,2
-2.4678777327437986,-2.063220524722853,1
-3.189789123960402,-1.2074552088182218,1
1.4961796607899254,0.23290664598452318,3
1.7354330486170715,-0.5312028169243131,3
2.824836637403518,-0.6039477267242261,0
-1.389793509433474,1.0258882766128163,3
-1.690587097073991,-1.0142711174866912,1
3.1755508379943533,0.5359821527062182,0
-3.199632405128723,-1.2338496409706323,1
-3.124117840211489,-1.3143582179173903,1
-3.189789123960402,-1.2074552088182218,1
0.45121690510652895,1.7199952241449519,2
0.01723191323306524,-0.40067723869611677,3
-1.1124262276259842,0.5888980437123283,3
-1.1375931911816892,0.762140129126791,3
-1.2620100067336497,0.20617112638621568,3
-0.6095422149523938,0.011440146972989994,3
-2.942575688767933,-1.5008432622669807,1
-3.189789123960402,-1.2074552088182218,1
-1.022388756490362,0.3846536800575596,3
-0.875123245184675,0.45601813044999445,3
-1.7229977000259074,0.6592426118543308,3
0.4996108011792299,0.7633934874348787,3
-2.421893011331526,-2.2229123981268426,1
-1.5021616789747398,-1.848728993473351,1
3.1528183117831508,-1.062615687957271,0
0.31647762312988026,0.6793561347325693,3
5.360829682944544,-0.671631820613572,0
-0.6551341762354199,0.4205355209507223,2
2.3532585352947497,-1.2871337989545337,0
0.8514249353359108,-0.5809684615765086,3
-0.995166703246072,0.48671888013377557,3
-1.1610462766175473,-0.4371449010390149,3
2.326800328341738,1.0400575045142433,2
0.5898345051148326,1.7114006311854104,2
4.98108278633821,-2.983960078486845,0
1.6369166546661746,1.1996585957975243,2
-3.0634757915460558,-1.3737134242328253,1
1.2155877447565646,0.7066661531289216,3
0.6068847931841823,1.15098498917192,3
-1.3065246911264525,-0.24298145446641653,3
-1.0147499847306714,0.5715891289613659,3
4.0431562831756915,-0.996826861076145,0
0.10875813591726537,-0.000634712120776521,2
2.6749357738350925,0.3379703018504967,0
2.969216070678137,-2.0175256223399143,0
-2.491885635837043,0.29968819640306826,1
-0.19960997272493708,2.4297291535699665,2
2.1512650537710494,0.8658281575173492,2
-0.7035102833712173,0.9899866784043494,2
-0.4274230795720739,-0.4963386639640645,3
-1.2990224337116958,0.9326457544380211,3
2.2173151035554968,1.5121062557670335,2
-3.0082469725168464,-1.3939402531678127,1
-0.23898309739821755,2.3241514249603243,2
1.6966171547250029,1.0654133208884125,2
-0.8991316803211514,-0.5477045536538906,3
-2.0774024777312645,0.040018066223540635,1
-0.5334174677658118,-0.08580634071304354,3
-3.189789123960402,-1.2074552088182218,1
3.3842444266432907,-3.45220601908511,0
-0.7675118632455327,0.213100692475614,3
-0.53949374934574,0.03133364175563631,3
0.44712731084417745,0.9219315266944255,2
-3.2094756862970426,-1.2602440731230429,1
4.775329843266832,-4.135182629284657,0
-0.5576041231356516,1.6002644248377942,2
-3.2193189674653624,-1.2866385052754534,1
1.9347379418739032,1.607788069477836,2
-0.9855808832430935,0.4964717883199688,3
-2.2961788624685626,-2.276100001224854,1
0.41072543255382477,0.5886452719528655,3
-0.8697671340854205,-0.2350541675137904,3
1.9187988005892704,1.5658666580224423,2
-0.6444207622524128,0.23429085459456062,3
-0.858794839799873,-3.766663359993895,1
-0.6688946991128464,2.952978038645391,2
-1.2083274357771088,0.08937246569150888,3
-0.3248101338843477,-2.1306507125359464,3
2.049752059568711,1.4318423355898373,2
0.8301815328738549,0.8800843721082076,2
-0.862168879781088,0.34395657780219685,3
-1.25197738307284,-0.0015646772776878152,3
-2.549177647967171,0.2095103589203027,1
2.2445715355366076,-3.449311846453181,0
-2.5372711736979316,0.346309457490466,1
-1.3259870257906439,0.8472220783280225,3
5.539918496325114,-2.5166128923243076,0
-1.6322266243041292,0.5660000896795354,3
2.968416554952624,-2.7811221070925902,0
-1.3799594450484152,-0.034760233850376784,3
0.18413723733475815,-0.2634985613413461,3
0.8669489679955132,0.33912107540502695,3
-1.0874973125834388,-0.5212888736317091,3
-1.3027713472373357,0.11239391994003108,3
0.820251287680831,0.5560858091720328,2
-0.27839070453930825,0.11383907208275824,3
1.9760675937095875,2.419585074770776,2
0.22837114251805063,1.580991352072549,3
2.7570712730698395,0.19914722218735972,0
-1.7458159161032003,-0.994044288551704,1
-0.7142802369737355,2.9995992997327883,2
-3.3056599916550455,-1.1278731735677996,1
0.09313278013995623,-2.980132604531156,1
0.7504140291440553,0.22211442782480165,3
5.343369169686062,0.7272240019803389,0
2.042205805695359,0.04216898951756878,0
-1.0582598728805421,-0.014430144172015198,3
0.36969896199612695,0.057873767570082404,3
1.3792102714749257,0.8343046560164489,3
-0.6055970622914846,-0.5869935093926574,3
1.6880491427080906,-0.6244702359322575,0
0.9216562034595941,1.6719786699386088,2
0.3741662963065618,0.15032470156518854,2
-0.14573088969809128,-0.9165406281050089,3
1.0468149639087858,1.0304881236549241,2
-0.24499551058582603,2.4763504146573645,2
-1.1592832745357171,0.23886014777830333,3
-1.648082318660058,0.6918046472241647,3
-1.470763338638055,0.42016929931737995,3
-1.3081524008716556,0.2264360996950258,3
-0.7221263253846437,0.16647943138821633,3
-0.9501147043377154,-0.32657467149155633,3
0.48658387395744385,1.1650442148894835,3
-1.2363880045603062,-0.4009386530656672,1
0.32587411893703566,-1.6219575700002924,3
2.6919704484147173,-0.2868217625238569,0
-0.7695090560029447,3.0198261286677757,2
2.2256430841079893,1.1953182891064908,2
-0.5935065110123462,0.69108036682148,3
3.792842669095413,-1.121155360059602,0
-1.1769663158549697,0.6565624005171489,3
-0.27250626081553436,0.31434812106887317,3
3.0986290784567996,-1.1474133678499558,0
3.3578417660322883,-0.0043676826328524045,0
1.9858494478569177,0.8343289778753613,2
2.2291517111528703,0.09553922125796253,0
-0.3187797262463759,-0.8046492461834078,3
-1.1008227753497974,-0.4092378903517791,3
0.17920224403302226,-0.07975409668282586,3
-1.5147037853895504,-1.9310790217385527,1
-0.07888270692128908,2.346901644509221,2
-0.5936335041577537,1.8596366308476653,2
0.572530405229244,-1.0769190795098176,3
0.4581266179146979,-1.973563806727093,3
-0.8490350728135934,-1.3334708151961383,3
-1.5178796880801075,1.7988804934172766,3
-0.620421543899198,0.15097059608284216,3
-1.1530986167478994,0.06914563675652173,3
-0.4873525476692904,2.7664929942958003,2
-1.1499114547254417,0.6807204185280306,3
-3.017491070133783,-1.5334052976368149,1
-0.4351109011363843,-0.12977252711644388,3
1.8783603564371398,1.332271771528076,2
-3.189789123960402,-1.2074552088182218,1
1.1542540535132078,2.4676463068293373,2
-1.3898355440845969,0.30053234499017406,3
2.8368085516374113,0.4392268129065054,0
-1.7973642925756923,-2.7201655898430466,1
2.3250203404952434,0.8888421027362173,0
-0.8715406995913634,-0.09790369294753022,3
1.9235676556403871,1.8782743584955612,2
-1.758539956718476,0.7322583050941389,3
1.9167275141541005,1.4281742037061034,2
-0.6493789975318762,1.2593574339812914,3
2.383562707772097,1.7061996902993783,2
-1.1292770655698094,0.7454350949524859,3
2.328013659041062,1.0294012670245305,2
-1.193999792541335,0.16279955433221685,3
1.8251178794107592,-0.13733295324509878,0
4.609087485324381,-1.1361327539939992,0
-3.189789123960402,-1.2074552088182218,1
4.340902933596195,-1.8576749662695284,0
-1.7683832378867963,0.7058638729417284,3
2.8232590853867245,-2.123106515843725,0
-1.1565145654418774,0.0709771795165148,3
-1.5469387578030283,0.028354443596125576,3
-0.884966526352995,0.429623698297584,3
-2.140335686549255,-2.363174920182226,1
-1.5758497817113715,-0.30386135181573626,1
1.2869641399178486,0.003177274165558091,3
0.9699690960712948,0.7780149004727387,3
-0.7689314972097656,-0.6061801458348144,3
-2.7757332166017017,-1.710477264958659,1
0.07815291574805754,-1.2701283095379787,3
0.15363104899385538,2.030364632718375,2
-2.5640620381018016,-1.93084962516761,1
-1.480564585155252,1.1191307987876116,3
-0.2353230901731756,0.7563353778408541,3
1.732268734888698,1.5612792356050245,2
-0.7251317600752993,-0.3978152459852465,3
4.231641443548185,-1.823904904941101,0
-1.2865579728505534,-1.4479086608101805,1
0.2710920852689912,0.725977395819967,3
-1.1078166440770192,2.2431502642404237,2
-1.470763338638055,0.42016929931737995,3
-1.4966129236933332,-0.6474329675524476,3
-1.1871133608696434,0.1435869844405716,3
-0.7695090560029447,3.0198261286677757,2
-1.1826284602528598,-0.010037659700709868,3
1.2297411575458825,0.8886405611486257,3
-2.0168911550706707,-0.7180385540966697,1
0.8427247775963848,-0.12009172939250837,3
-1.156638855561688,-0.3940641687279866,3
-2.2309339252965588,-2.314234726980841,1
-1.2408656983721298,-0.202033267616228,3
-2.2058341333236937,-2.3005742400564677,1
-3.189789123960402,-1.2074552088182218,1
-0.5196638280190453,-0.4034366077192791,3
0.4552988318224959,1.3478850466355605,3
-1.6333637130039103,-0.9948262118042743,1
-2.982547996992597,-1.4933503785600313,1
-1.0877223956896318,0.520220412015638,3
-0.5410960747736497,-4.093012187605679,1
0.9539881509701407,0.6856068197024787,3
-1.1391203467381297,0.7190406628000754,3
1.926775816633665,-0.1507171931439901,0
0.1939406767759214,-1.3969434831809053,3
0.5926245964378806,0.978246782670301,3
-0.30022432961503515,2.4965772435923514,2
-2.5663470991690307,-0.0317591480072839,1
-0.9233331386470003,1.0240820504938881,3
-3.229162248633683,-1.3130329374278638,1
1.4742288607747889,0.12019328335996975,0
0.4058313672456399,1.7666164852323494,2
-1.3045817207195638,-0.26178813604231044,3
0.990538559140326,-0.15260402748510862,2
2.0343696631370234,-0.10769387352095124,0
-0.8838576243717489,0.8707946882871292,3
0.4029631753653643,-1.0312986637626165,3
1.7121698946753043,1.0800354525286402,2
1.6145994216435025,1.2673649185470066,2
-1.4060669310777483,0.30083379592010395,3
-0.29108993694845653,0.2517395428621411,3
-0.30022432961503515,2.4965772435923514,2
-1.4663033670516339,0.336392922271382,3
-2.5640620381018016,-1.93084962516761,1
1.038782071510916,0.9799628900026243,3
1.5349799402693052,1.0778278669003343,3
-0.4689567485773048,-0.3957053326738383,3
0.012241954862043313,-0.46969662080737834,3
-0.673773152832809,1.571065636720921,2
-1.2891791525433756,0.9590401865904317,3
-0.8297377073237859,0.40939686936259684,3
4.344900507941621,-0.9980741091418253,0
-0.08517998026320713,-0.3262389265036212,3
-1.3361137464785449,0.23865554229021166,3
1.2129805787624979,0.7003269822521254,3
-0.771095747602211,-0.2830955759602816,3
1.5252157025406536,0.9293507065561116,2
5.925110080861232,-0.458164802135628,0
-1.0956777792841295,0.6912260832885717,3
4.9872256146167375,-1.0355786100356175,0
1.6196889742723999,1.459754869498306,2
-0.13384295915995809,-0.3212859199712989,3
-0.34494755536966615,0.579142476657442,2
-1.480564585155252,1.1191307987876116,3
-0.5763977284867318,-0.6029347840571949,3
-1.1074859313771777,-0.04026810634884724,3
1.0468149639087858,1.0304881236549241,2
-3.325346553991686,-1.1806620378726207,1
-3.164090148436154,-1.3068653342104404,1
-1.4658107944877337,1.413685535508252,2
1.4846668723045677,1.5251627900704534,2
-2.2666490189636024,-2.1969167047676224,1
1.8202244177902804,2.5066599937281477,2
-1.3330945201187876,0.3522025128658321,3
1.4465028641811644,1.1512398130204642,3
-2.8363752652671357,-1.651122058643224,1
-0.5649938630748255,0.5108916037141575,3
-1.3198108997367461,1.3002161843984696,2
1.785419006405229,0.7004100640046114,2
-1.1829026512553873,1.5587921567859055,2
-0.6702397598365049,-0.6781498837966184,3
-2.9524189699362537,-1.5272376944193913,1
-0.25483879175414625,2.449955982504954,2
3.923059551339088,-1.3660406741592988,0
1.7027388913837376,1.482095939147793,2
-3.199632405128723,-1.2338496409706323,1
4.738917067680095,-0.49380162440035197,0
5.057320395957067,-2.048810087297494,0
-2.5663470991690307,-0.0317591480072839,1
1.0644932618720557,0.19451053153906192,3
0.6291159092511707,1.7213765099188885,2
-0.24499551058582603,2.4763504146573645,2
-0.7293533059451325,-0.26509281226971476,3
-3.199632405128723,-1.2338496409706323,1
-3.199632405128723,-1.2338496409706323,1
-3.189789123960402,-1.2074552088182218,1
1.033129680704571,0.5548653441339229,3
-0.14639061348529553,-0.5283157415836439,3
-1.0835048431536243,-1.1623808358125192,1
-1.1076370010998196,0.772555142240841,3
-0.3521368553239966,-0.13055704988713243,3
-1.4254118439132337,0.3488732032809076,3
1.4323280694385963,1.21400650090417,3
-0.3101497757773802,-0.7675985765412844,3
4.804402099848877,-0.7003915445341311,0
-2.5663470991690307,-0.0317591480072839,1
0.5202931541182965,0.6851973812446523,3
4.138210727808136,-1.5966014658597034,0
-0.9171777756555246,0.6578892362843373,2
-1.618868708405187,-0.09640507286029314,1
-2.056146621815562,-0.38559097833379075,1
-0.6653168667908578,0.1638825810554182,3
-0.00839540086873032,0.523229072403866,3
1.9934558480192708,-0.6569857333960604,0
-0.7221263253846437,0.16647943138821633,3
-1.5762632655998496,-0.8369047222247468,1
-0.6492081367762064,3.0057669029502123,2
1.597553943043456,2.8495914376714047,2
-0.9296387502055242,-0.2035702632056031,3
0.37522014087407163,-0.07687317395354303,3
0.5259569986307242,1.2706219434991257,3
-3.199632405128723,-1.2338496409706323,1
-0.8554366828480348,0.5088069947548156,3
-1.3399996872923223,0.27626890544199917,3
2.873833772990147,0.35732884858471975,0
-1.0495035212574804,0.9763464413959807,2
1.0276955239105885,0.5520025469069547,3
-2.755447470713678,-1.7707590129704296,1
0.849557542465474,0.1556014952999862,2
1.8829787837744567,-1.377335567674032,0
-1.0557663390224485,-3.5231420414428567,1
-1.6420063560702718,-0.06340797073742109,3
-1.345710044022832,-0.10534173644864395,3
1.9188323606081834,-0.6858826060003606,2
-2.4022064489948853,-2.1701235338220215,1
-3.189789123960402,-1.2074552088182218,1
-0.8059922339328871,0.3356555609868441,3
-0.9302383058205348,0.9481484430700553,3
-1.091194985880938,1.1354916261318122,3
-1.3784800579796768,0.3988237739532296,3
0.5863526876228338,-1.566794063138199,3
-0.0990704406772522,-0.6156685856911963,3
1.372062629860147,2.5423161262242315,2
-1.290668996770524,-0.36878601201104577,3
-1.3968913207891611,-0.9424136546957048,1
2.0107412405917486,1.2869818112931326,2
-1.7327774317920501,0.029834551437374252,3
-2.3373071857718304,-2.1196536016311875,1
1.059376726826199,0.6245084661239114,3
0.49642715512576396,1.191438647041894,3
-2.5745045028215054,-1.8441734450034284,1
0.6963985408141709,0.2316850192700759,3
0.4058313672456399,1.7666164852323494,2
-0.35312840449194116,0.8959192082714115,2
1.0371745786818005,0.9176132362958249,3
1.5280017294269048,0.4894844675698517,3
-1.5304642438504823,-0.35048261290313387,1
2.553611545171069,-2.009447494207829,0
-3.2094756862970426,-1.2602440731230429,1
4.057343580266079,-1.2590415485223956,0
2.0283210900668767,-1.311490816270607,0
1.7842738950848416,0.07365049166257175,0
-0.6865840686920748,0.09346373814840815,3
-1.0405522411069614,0.5333401412211733,3
-1.1853986385849447,0.5375293267666008,3
1.8713014042926845,1.2110161096879564,2
2.2303331397888266,0.8544404804898762,0
-1.7409612557453753,0.623454168039333,3
0.6404368627400918,0.10389307772352034,3
-1.281108717607342,1.5921686201326988,3
5.06373382145417,0.20434699882952528,0
-2.5274278925296114,0.37270388964287654,1
2.7212914291594514,0.2834096179687799,0
-1.0786222718439968,2.4155209142599494,2
1.1253261531131595,1.0539987267143118,2
-0.8234678329708359,0.27383940363177445,3
-1.5228333794596642,-0.628716937623045,1
2.767785323962145,0.3215697593449361,0
-0.6333524424202777,2.8799623454055827,2
-1.4253357661260426,1.0989039698526246,3
0.6865552596458506,0.2052905871176654,3
0.8303708306739007,0.39948004193329417,2
-1.190470226779513,0.054611501874634885,1
-2.881933640102499,-1.5601984685824157,1
-0.7142802369737355,2.9995992997327883,2
1.2143118097668633,0.9456768353500734,3
3.55304313733039,-0.4850548485612274,0
2.2922136519225735,-0.26065823851458314,0
2.8768941829917622,-0.35924925610736597,0
-0.8158355151012071,0.30926112883443363,3
-0.5381278886220634,-0.6553444394736757,3
-1.2375237403295367,0.7768614597722117,3
-1.1732242155464865,2.3301700145852946,2
0.040326686979781944,-2.6721256133002163,1
-2.5663470991690307,-0.0317591480072839,1
0.829368781069121,-0.039953914714027025,3
-0.9125594739460188,-0.8698969508706573,3
1.9800193276057778,0.4575069521150151,0
-0.6787379802811666,2.9265836064929807,2
3.8764558000272564,-2.3112654053509134,0
2.434424327204672,1.9672627318779816,2
2.362651528958357,-2.2145277616588976,0
0.6842977833601163,0.9777614999109571,3
3.87244897562415,1.1128737193350147,0
-0.24680728529128554,0.21493799567665448,3
-1.6009075390331133,0.4078340928825331,3
-0.2658791597305767,-1.0994248099606767,3
1.0650861856081801,0.6127361656117288,3
-1.2287890073655452,-1.146718358404383,1
-1.6096210098141255,-1.1971546982591517,1
-1.4077848183784438,-0.7218688081513491,3
-0.4873525476692904,2.7664929942958003,2
-1.1726254924134867,-1.5803882016998254,1
-0.9134841981574703,-0.6055365300515477,3
-1.613058610462104,0.4043215643491069,3
-0.7576403841138237,0.3255477158812555,3
-0.9233331386470003,1.0240820504938881,3
-0.4483761781765141,-0.9534562471530661,1
3.350571742526097,-1.6542574895432192,0
0.20018320814760526,-0.03852707476618221,3
-2.290938661725268,-0.6738605261375803,1
-0.7697985475572153,-0.8476377012434926,3
1.064054700458255,0.9493210479535871,3
-1.2607395016815413,-0.540581545946496,3
0.8679845458491908,0.02490845294176171,3
-0.9596244465535033,0.4137031868939675,3
